{
    "alarmType": 0,
    "checkCode": "5",
    "destDevice": 17,
    "deviceCode": "16",
    "faultCode": 1,
    "faultLevel": 1,
    "fixedCodeS": "S",
    "interval": 1000,
    "isolationFlag": 0,
    "levelCode": "00",
    "orgCode": "633772342",
    "orgIdentifier": "1",
    "productCategory": "01",
    "productDate": "20260114",
    "sequenceNumber": "01",
    "sourceDevice": 1,
    "subsystemCode": "G",
    "targetIp": "239.255.1.21",
    "targetPort": 9221,
    "topicNumber": 48,
    "uniqueIdResult": "16337723421A1E0100SG16015",
    "warningThreshold": 0,
    "warningValue": 0
}
